{"graph": {"_type": "graph-file", "path": "media/graph/graph_summary_110ab2a8.graph.json", "sha256": "110ab2a80ce635d40745132ddbb151db74d153db975047b5917baca74d1884fc", "size": 1768}, "epoch": 99, "loss": 0.17160077601949744, "acc": 0.9280911684036255, "val_loss": 0.2544144570474889, "val_acc": 0.89405757188797, "_step": 100, "_runtime": 842, "_timestamp": 1610478950, "best_val_loss": 0.20376341333790599, "best_epoch": 84, "Test Error Rate": 10.59}